,STATION,DATE,TEMP,MAX,MIN,CELSIUS
1461,RP000098755,2017-01-01,80.06,84.20,75.20,26.70
1462,RP000098755,2017-01-02,80.78,85.64,75.92,27.10
1464,RP000098755,2017-01-04,80.60,86.36,75.38,27.00
1468,RP000098755,2017-01-08,77.18,81.86,73.40,25.10
1469,RP000098755,2017-01-09,80.60,85.64,74.12,27.00
1470,RP000098755,2017-01-10,80.96,87.44,75.92,27.20
1472,RP000098755,2017-01-12,78.26,85.28,75.02,25.70
1473,RP000098755,2017-01-13,81.68,90.68,74.48,27.60
1474,RP000098755,2017-01-14,81.68,88.34,75.56,27.60
1475,RP000098755,2017-01-15,82.04,90.14,76.28,27.80
1477,RP000098755,2017-01-17,80.06,83.30,74.30,26.70
1478,RP000098755,2017-01-18,80.24,84.02,76.82,26.80
1480,RP000098755,2017-01-20,77.72,83.48,71.60,25.40
1481,RP000098755,2017-01-21,78.98,84.56,74.66,26.10
1482,RP000098755,2017-01-22,80.42,84.92,74.12,26.90
1489,RP000098755,2017-01-29,80.24,86.00,74.30,26.80
1493,RP000098755,2017-02-02,78.62,84.92,73.40,25.90
1494,RP000098755,2017-02-03,78.08,82.58,75.20,25.60
1496,RP000098755,2017-02-05,79.34,87.26,73.58,26.30
1497,RP000098755,2017-02-06,80.78,89.06,75.20,27.10
1499,RP000098755,2017-02-08,80.42,88.88,73.58,26.90
1501,RP000098755,2017-02-10,75.92,80.96,72.50,24.40
1502,RP000098755,2017-02-11,76.28,82.76,72.32,24.60
1503,RP000098755,2017-02-12,74.48,80.96,71.60,23.60
1504,RP000098755,2017-02-13,75.92,80.24,70.34,24.40
1505,RP000098755,2017-02-14,76.82,82.04,70.52,24.90
1506,RP000098755,2017-02-15,76.82,79.52,73.76,24.90
1508,RP000098755,2017-02-17,74.84,79.34,70.70,23.80
1509,RP000098755,2017-02-18,76.82,86.00,71.60,24.90
1512,RP000098755,2017-02-21,78.80,84.02,73.22,26.00
1513,RP000098755,2017-02-22,80.78,85.10,73.40,27.10
1515,RP000098755,2017-02-24,79.16,84.92,74.30,26.20
1516,RP000098755,2017-02-25,80.06,85.10,72.86,26.70
1517,RP000098755,2017-02-26,79.52,86.00,74.66,26.40
1518,RP000098755,2017-02-27,78.26,85.64,74.12,25.70
1519,RP000098755,2017-02-28,80.24,86.00,74.66,26.80
1521,RP000098755,2017-03-02,76.46,81.50,73.40,24.70
1522,RP000098755,2017-03-03,77.18,82.76,73.40,25.10
1523,RP000098755,2017-03-04,80.24,85.46,74.30,26.80
1524,RP000098755,2017-03-05,76.64,80.24,74.12,24.80
1526,RP000098755,2017-03-07,79.34,84.20,73.40,26.30
1528,RP000098755,2017-03-09,76.82,80.96,73.76,24.90
1529,RP000098755,2017-03-10,79.70,88.16,74.30,26.50
1530,RP000098755,2017-03-11,80.42,89.60,74.12,26.90
1531,RP000098755,2017-03-12,80.96,89.78,74.12,27.20
1533,RP000098755,2017-03-14,81.32,88.70,75.20,27.40
1534,RP000098755,2017-03-15,81.32,89.06,75.74,27.40
1535,RP000098755,2017-03-16,80.78,88.70,74.48,27.10
1536,RP000098755,2017-03-17,78.80,83.30,74.30,26.00
1537,RP000098755,2017-03-18,80.42,85.64,74.48,26.90
1538,RP000098755,2017-03-19,80.42,86.36,75.20,26.90
1539,RP000098755,2017-03-20,81.14,88.16,75.20,27.30
1543,RP000098755,2017-03-24,80.24,87.26,72.50,26.80
1544,RP000098755,2017-03-25,80.96,87.44,72.14,27.20
1545,RP000098755,2017-03-26,81.14,86.00,74.48,27.30
1546,RP000098755,2017-03-27,81.32,86.36,77.00,27.40
1548,RP000098755,2017-03-29,82.22,88.16,74.30,27.90
1551,RP000098755,2017-04-01,80.78,86.00,75.56,27.10
1553,RP000098755,2017-04-03,80.24,85.10,73.40,26.80
1555,RP000098755,2017-04-05,79.16,85.10,75.74,26.20
1557,RP000098755,2017-04-07,79.70,84.20,74.30,26.50
1558,RP000098755,2017-04-08,81.86,89.96,75.20,27.70
1560,RP000098755,2017-04-10,80.24,88.34,73.40,26.80
1561,RP000098755,2017-04-11,81.86,88.70,74.48,27.70
1562,RP000098755,2017-04-12,82.22,88.16,76.82,27.90
1564,RP000098755,2017-04-14,80.60,87.44,75.20,27.00
1565,RP000098755,2017-04-15,84.02,91.76,77.36,28.90
1568,RP000098755,2017-04-18,81.50,88.88,73.76,27.50
1569,RP000098755,2017-04-19,82.22,90.68,75.92,27.90
1572,RP000098755,2017-04-22,82.22,91.76,76.46,27.90
1574,RP000098755,2017-04-24,82.40,90.50,75.20,28.00
1575,RP000098755,2017-04-25,82.58,89.06,74.84,28.10
1576,RP000098755,2017-04-26,83.12,90.68,75.92,28.40
1579,RP000098755,2017-04-29,83.30,92.12,75.38,28.50
1580,RP000098755,2017-04-30,83.84,94.64,77.00,28.80
1582,RP000098755,2017-05-02,82.94,88.88,77.00,28.30
1584,RP000098755,2017-05-04,82.94,91.58,76.10,28.30
1585,RP000098755,2017-05-05,81.86,92.48,76.10,27.70
1587,RP000098755,2017-05-07,80.96,87.62,75.20,27.20
1588,RP000098755,2017-05-08,81.14,89.60,76.10,27.30
1589,RP000098755,2017-05-09,80.42,87.44,76.10,26.90
1590,RP000098755,2017-05-10,83.66,91.58,76.46,28.70
1594,RP000098755,2017-05-14,80.60,87.98,74.66,27.00
1596,RP000098755,2017-05-16,81.50,88.52,75.56,27.50
1597,RP000098755,2017-05-17,82.94,90.32,76.10,28.30
1598,RP000098755,2017-05-18,82.76,92.30,75.20,28.20
1599,RP000098755,2017-05-19,84.38,90.86,77.00,29.10
1602,RP000098755,2017-05-22,83.12,91.94,75.02,28.40
1606,RP000098755,2017-05-26,85.64,94.10,77.00,29.80
1607,RP000098755,2017-05-27,85.46,93.38,78.08,29.70
1608,RP000098755,2017-05-28,85.64,93.56,78.08,29.80
1610,RP000098755,2017-05-30,82.76,92.30,75.20,28.20
1611,RP000098755,2017-05-31,84.02,94.10,76.46,28.90
1613,RP000098755,2017-06-02,84.02,93.20,75.02,28.90
1614,RP000098755,2017-06-03,85.28,94.64,77.36,29.60
1617,RP000098755,2017-06-06,83.30,90.14,75.02,28.50
1620,RP000098755,2017-06-09,82.04,89.78,74.66,27.80
1621,RP000098755,2017-06-10,82.94,89.60,76.82,28.30
1622,RP000098755,2017-06-11,83.30,91.76,76.82,28.50
1623,RP000098755,2017-06-12,82.04,89.78,77.00,27.80
1624,RP000098755,2017-06-13,83.84,90.68,77.18,28.80
1629,RP000098755,2017-06-18,83.48,93.20,74.30,28.60
1632,RP000098755,2017-06-21,83.12,93.20,74.30,28.40
1634,RP000098755,2017-06-23,82.94,91.76,74.30,28.30
1635,RP000098755,2017-06-24,80.96,90.50,73.58,27.20
1636,RP000098755,2017-06-25,83.12,93.74,74.84,28.40
1637,RP000098755,2017-06-26,83.30,93.74,74.66,28.50
1638,RP000098755,2017-06-27,83.66,93.38,75.56,28.70
1639,RP000098755,2017-06-28,84.56,94.82,75.20,29.20
1641,RP000098755,2017-06-30,81.86,91.76,74.84,27.70
1643,RP000098755,2017-07-02,80.78,88.52,75.20,27.10
1644,RP000098755,2017-07-03,81.86,89.24,75.02,27.70
1646,RP000098755,2017-07-05,82.22,89.96,75.02,27.90
1648,RP000098755,2017-07-07,81.32,88.16,74.48,27.40
1649,RP000098755,2017-07-08,82.58,91.76,74.30,28.10
1650,RP000098755,2017-07-09,81.32,90.86,74.30,27.40
1652,RP000098755,2017-07-11,80.78,86.90,75.20,27.10
1654,RP000098755,2017-07-13,81.86,90.32,73.58,27.70
1656,RP000098755,2017-07-15,79.88,85.64,74.30,26.60
1657,RP000098755,2017-07-16,82.58,92.30,75.20,28.10
1658,RP000098755,2017-07-17,81.86,88.52,76.10,27.70
1659,RP000098755,2017-07-18,81.68,88.70,76.10,27.60
1661,RP000098755,2017-07-20,83.66,89.96,75.20,28.70
1664,RP000098755,2017-07-23,82.04,90.50,74.30,27.80
1665,RP000098755,2017-07-24,81.68,90.14,75.38,27.60
1666,RP000098755,2017-07-25,83.12,94.64,77.90,28.40
1667,RP000098755,2017-07-26,85.28,95.18,77.90,29.60
1668,RP000098755,2017-07-27,85.46,94.28,78.08,29.70
1669,RP000098755,2017-07-28,85.64,94.10,78.62,29.80
1671,RP000098755,2017-07-30,83.66,94.82,76.10,28.70
1673,RP000098755,2017-08-01,81.86,86.72,75.02,27.70
1674,RP000098755,2017-08-02,82.94,92.30,76.46,28.30
1675,RP000098755,2017-08-03,83.48,95.00,76.82,28.60
1676,RP000098755,2017-08-04,83.66,91.58,77.00,28.70
1677,RP000098755,2017-08-05,83.84,93.56,77.00,28.80
1678,RP000098755,2017-08-06,84.38,90.86,76.64,29.10
1680,RP000098755,2017-08-08,83.84,91.58,77.00,28.80
1682,RP000098755,2017-08-10,84.20,94.28,75.74,29.00
1683,RP000098755,2017-08-11,83.30,90.50,76.64,28.50
1685,RP000098755,2017-08-13,83.66,92.12,75.74,28.70
1687,RP000098755,2017-08-15,80.96,89.24,75.02,27.20
1688,RP000098755,2017-08-16,80.96,86.90,75.20,27.20
1689,RP000098755,2017-08-17,84.02,93.38,75.56,28.90
1691,RP000098755,2017-08-19,80.60,91.76,74.84,27.00
1692,RP000098755,2017-08-20,83.48,92.48,75.20,28.60
1694,RP000098755,2017-08-22,82.04,87.62,76.64,27.80
1698,RP000098755,2017-08-26,82.04,91.58,72.32,27.80
1699,RP000098755,2017-08-27,82.22,88.70,74.84,27.90
1701,RP000098755,2017-08-29,83.66,93.74,74.30,28.70
1702,RP000098755,2017-08-30,85.28,94.82,77.00,29.60
1705,RP000098755,2017-09-02,84.74,92.30,75.20,29.30
1708,RP000098755,2017-09-05,84.02,92.30,74.30,28.90
1709,RP000098755,2017-09-06,84.38,90.50,75.74,29.10
1711,RP000098755,2017-09-08,85.64,93.20,76.10,29.80
1713,RP000098755,2017-09-10,79.88,92.30,75.20,26.60
1714,RP000098755,2017-09-11,83.84,91.40,74.66,28.80
1715,RP000098755,2017-09-12,82.76,92.48,76.10,28.20
1718,RP000098755,2017-09-15,81.32,90.14,74.66,27.40
1719,RP000098755,2017-09-16,81.86,90.50,74.30,27.70
1720,RP000098755,2017-09-17,80.24,93.20,75.56,26.80
1721,RP000098755,2017-09-18,81.68,91.76,75.02,27.60
1722,RP000098755,2017-09-19,81.32,91.94,75.74,27.40
1724,RP000098755,2017-09-21,78.98,84.20,75.02,26.10
1725,RP000098755,2017-09-22,80.42,88.70,75.20,26.90
1726,RP000098755,2017-09-23,81.14,88.34,74.84,27.30
1728,RP000098755,2017-09-25,78.62,85.82,73.40,25.90
1730,RP000098755,2017-09-27,81.32,89.60,73.40,27.40
1732,RP000098755,2017-09-29,77.72,80.96,71.96,25.40
1733,RP000098755,2017-09-30,82.40,92.30,74.30,28.00
1734,RP000098755,2017-10-01,83.12,90.68,75.74,28.40
1737,RP000098755,2017-10-04,82.58,89.96,74.84,28.10
1739,RP000098755,2017-10-06,81.86,91.58,73.22,27.70
1740,RP000098755,2017-10-07,84.92,94.28,74.30,29.40
1741,RP000098755,2017-10-08,81.50,88.52,77.00,27.50
1743,RP000098755,2017-10-10,81.50,88.52,73.40,27.50
1744,RP000098755,2017-10-11,84.92,94.28,75.20,29.40
1745,RP000098755,2017-10-12,85.28,96.98,79.34,29.60
1748,RP000098755,2017-10-15,80.06,86.54,75.02,26.70
1749,RP000098755,2017-10-16,80.96,93.92,74.48,27.20
1750,RP000098755,2017-10-17,80.78,86.54,77.18,27.10
1751,RP000098755,2017-10-18,80.78,86.72,77.36,27.10
1753,RP000098755,2017-10-20,84.56,95.54,77.90,29.20
1754,RP000098755,2017-10-21,83.12,92.66,77.90,28.40
1755,RP000098755,2017-10-22,83.66,95.90,77.00,28.70
1756,RP000098755,2017-10-23,83.48,94.10,77.18,28.60
1758,RP000098755,2017-10-25,80.78,87.62,74.66,27.10
1760,RP000098755,2017-10-27,81.32,89.60,75.02,27.40
1769,RP000098755,2017-11-05,81.86,92.84,76.82,27.70
1771,RP000098755,2017-11-07,79.34,84.56,75.20,26.30
1772,RP000098755,2017-11-08,80.24,86.90,75.92,26.80
1773,RP000098755,2017-11-09,82.04,86.90,74.30,27.80
1774,RP000098755,2017-11-10,81.14,87.98,76.46,27.30
1775,RP000098755,2017-11-11,76.46,80.96,75.20,24.70
1776,RP000098755,2017-11-12,78.08,84.02,74.30,25.60
1777,RP000098755,2017-11-13,81.14,88.16,75.20,27.30
1783,RP000098755,2017-11-19,81.14,86.18,74.30,27.30
1785,RP000098755,2017-11-21,78.08,85.64,74.30,25.60
1786,RP000098755,2017-11-22,80.96,86.36,74.30,27.20
1787,RP000098755,2017-11-23,81.14,87.08,74.30,27.30
1788,RP000098755,2017-11-24,81.86,87.26,76.46,27.70
1789,RP000098755,2017-11-25,80.96,87.62,76.28,27.20
1791,RP000098755,2017-11-27,81.86,85.46,75.74,27.70
1792,RP000098755,2017-11-28,80.78,87.26,77.36,27.10
1793,RP000098755,2017-11-29,80.96,89.06,76.28,27.20
1794,RP000098755,2017-11-30,81.14,86.72,76.10,27.30
1795,RP000098755,2017-12-01,82.04,88.16,75.56,27.80
1798,RP000098755,2017-12-04,82.22,87.80,74.12,27.90
1799,RP000098755,2017-12-05,82.40,89.78,74.84,28.00
1801,RP000098755,2017-12-07,80.42,87.98,73.58,26.90
1802,RP000098755,2017-12-08,81.86,87.62,73.04,27.70
1803,RP000098755,2017-12-09,82.40,90.86,75.38,28.00
1804,RP000098755,2017-12-10,81.86,88.88,76.10,27.70
1806,RP000098755,2017-12-12,79.16,86.72,75.74,26.20
1807,RP000098755,2017-12-13,81.14,89.24,75.20,27.30
1811,RP000098755,2017-12-17,82.58,90.14,73.76,28.10
1813,RP000098755,2017-12-19,80.06,84.92,75.56,26.70
1814,RP000098755,2017-12-20,80.24,87.44,75.38,26.80
1816,RP000098755,2017-12-22,81.86,84.38,72.50,27.70
1819,RP000098755,2017-12-25,80.24,86.54,74.66,26.80
1820,RP000098755,2017-12-26,81.14,86.72,76.28,27.30
1821,RP000098755,2017-12-27,77.54,79.70,75.38,25.30
1822,RP000098755,2017-12-28,80.60,86.18,74.66,27.00
1824,RP000098755,2017-12-30,79.52,86.72,72.86,26.40
1825,RP000098755,2017-12-31,80.24,86.18,75.74,26.80
1828,RP000098755,2018-01-03,81.68,87.62,76.10,27.60
1830,RP000098755,2018-01-05,80.06,86.00,75.74,26.70
1831,RP000098755,2018-01-06,80.60,90.86,73.76,27.00
1833,RP000098755,2018-01-08,78.98,86.00,75.74,26.10
1835,RP000098755,2018-01-10,79.88,86.18,72.32,26.60
1836,RP000098755,2018-01-11,80.78,86.18,75.20,27.10
1837,RP000098755,2018-01-12,80.42,87.44,75.02,26.90
1838,RP000098755,2018-01-13,77.18,89.24,75.74,25.10
1840,RP000098755,2018-01-15,77.00,81.86,72.68,25.00
1842,RP000098755,2018-01-17,79.34,86.36,70.70,26.30
1844,RP000098755,2018-01-19,78.80,85.10,71.06,26.00
1845,RP000098755,2018-01-20,79.52,86.00,74.48,26.40
1846,RP000098755,2018-01-21,75.38,83.66,73.76,24.10
1847,RP000098755,2018-01-22,78.08,82.76,74.12,25.60
1848,RP000098755,2018-01-23,78.08,86.36,73.40,25.60
1850,RP000098755,2018-01-25,79.52,87.08,71.96,26.40
1851,RP000098755,2018-01-26,79.88,85.64,74.48,26.60
1852,RP000098755,2018-01-27,80.24,88.52,74.48,26.80
1853,RP000098755,2018-01-28,79.52,85.82,74.12,26.40
1856,RP000098755,2018-01-31,78.08,86.90,71.24,25.60
1857,RP000098755,2018-02-01,79.34,87.08,72.14,26.30
1860,RP000098755,2018-02-04,81.14,88.16,72.68,27.30
1861,RP000098755,2018-02-05,80.42,88.88,76.10,26.90
1864,RP000098755,2018-02-08,80.78,90.50,74.30,27.10
1866,RP000098755,2018-02-10,79.52,92.30,73.22,26.40
1867,RP000098755,2018-02-11,81.14,89.24,72.50,27.30
1868,RP000098755,2018-02-12,77.18,88.16,75.20,25.10
1869,RP000098755,2018-02-13,82.94,89.78,74.66,28.30
1870,RP000098755,2018-02-14,82.58,86.90,75.38,28.10
1872,RP000098755,2018-02-16,79.52,85.82,74.12,26.40
1874,RP000098755,2018-02-18,76.82,80.78,74.30,24.90
1875,RP000098755,2018-02-19,79.16,86.36,74.48,26.20
1876,RP000098755,2018-02-20,81.32,87.98,73.40,27.40
1877,RP000098755,2018-02-21,80.24,88.70,74.30,26.80
1878,RP000098755,2018-02-22,80.78,86.00,73.22,27.10
1881,RP000098755,2018-02-25,77.18,83.30,72.68,25.10
1882,RP000098755,2018-02-26,80.42,85.10,73.76,26.90
1883,RP000098755,2018-02-27,79.70,85.46,75.02,26.50
1884,RP000098755,2018-02-28,79.88,86.00,74.48,26.60
1885,RP000098755,2018-03-01,80.60,85.28,75.38,27.00
1888,RP000098755,2018-03-04,78.98,86.18,73.22,26.10
1889,RP000098755,2018-03-05,81.50,87.44,73.40,27.50
1890,RP000098755,2018-03-06,79.88,86.36,73.76,26.60
1891,RP000098755,2018-03-07,80.42,86.36,74.66,26.90
1892,RP000098755,2018-03-08,80.24,86.72,73.76,26.80
1893,RP000098755,2018-03-09,79.88,87.80,73.22,26.60
1894,RP000098755,2018-03-10,80.42,87.44,72.50,26.90
1896,RP000098755,2018-03-12,80.42,86.90,73.76,26.90
1899,RP000098755,2018-03-15,79.52,89.06,73.76,26.40
1900,RP000098755,2018-03-16,82.40,90.86,74.30,28.00
1904,RP000098755,2018-03-20,78.62,85.64,71.60,25.90
1906,RP000098755,2018-03-22,79.16,87.08,71.42,26.20
1907,RP000098755,2018-03-23,78.44,85.64,73.04,25.80
1909,RP000098755,2018-03-25,80.96,87.98,74.48,27.20
1912,RP000098755,2018-03-28,82.04,92.30,68.72,27.80
1913,RP000098755,2018-03-29,81.32,89.60,74.12,27.40
1914,RP000098755,2018-03-30,81.32,90.50,72.50,27.40
1916,RP000098755,2018-04-01,82.04,90.86,72.50,27.80
1918,RP000098755,2018-04-03,81.32,91.04,75.20,27.40
1919,RP000098755,2018-04-04,81.14,86.90,75.02,27.30
1921,RP000098755,2018-04-06,80.06,86.90,70.88,26.70
1922,RP000098755,2018-04-07,81.50,89.42,73.04,27.50
1923,RP000098755,2018-04-08,82.22,90.50,75.56,27.90
1924,RP000098755,2018-04-09,82.76,90.68,75.20,28.20
1925,RP000098755,2018-04-10,80.78,87.26,75.20,27.10
1927,RP000098755,2018-04-12,80.60,87.08,75.38,27.00
1928,RP000098755,2018-04-13,82.22,87.62,74.66,27.90
1929,RP000098755,2018-04-14,83.12,87.62,77.36,28.40
1931,RP000098755,2018-04-16,79.88,85.82,75.56,26.60
1932,RP000098755,2018-04-17,80.42,88.34,75.20,26.90
1934,RP000098755,2018-04-19,80.42,88.70,73.22,26.90
1936,RP000098755,2018-04-21,79.52,89.96,74.30,26.40
1937,RP000098755,2018-04-22,81.14,88.52,73.76,27.30
1938,RP000098755,2018-04-23,82.22,89.96,75.20,27.90
1939,RP000098755,2018-04-24,81.86,87.98,74.84,27.70
1940,RP000098755,2018-04-25,81.32,90.50,74.84,27.40
1941,RP000098755,2018-04-26,82.76,89.78,75.38,28.20
1943,RP000098755,2018-04-28,81.50,89.60,75.20,27.50
1944,RP000098755,2018-04-29,82.04,90.50,74.30,27.80
1945,RP000098755,2018-04-30,82.94,91.76,75.20,28.30
1946,RP000098755,2018-05-01,82.22,89.24,76.10,27.90
1948,RP000098755,2018-05-03,81.50,90.86,74.84,27.50
1949,RP000098755,2018-05-04,81.86,89.96,75.56,27.70
1952,RP000098755,2018-05-07,82.76,90.50,75.92,28.20
1954,RP000098755,2018-05-09,82.04,90.32,75.38,27.80
1956,RP000098755,2018-05-11,83.48,89.96,73.94,28.60
1957,RP000098755,2018-05-12,83.48,90.50,76.28,28.60
1958,RP000098755,2018-05-13,83.84,90.14,77.54,28.80
1959,RP000098755,2018-05-14,84.38,92.30,77.36,29.10
1960,RP000098755,2018-05-15,84.74,92.30,77.18,29.30
1962,RP000098755,2018-05-17,82.94,89.78,76.64,28.30
1963,RP000098755,2018-05-18,83.84,93.02,76.28,28.80
1964,RP000098755,2018-05-19,83.66,92.30,76.82,28.70
1966,RP000098755,2018-05-21,84.02,93.20,75.20,28.90
1967,RP000098755,2018-05-22,84.20,92.84,76.28,29.00
1968,RP000098755,2018-05-23,84.02,93.20,76.10,28.90
1969,RP000098755,2018-05-24,84.20,91.94,77.00,29.00
1971,RP000098755,2018-05-26,83.30,88.88,75.20,28.50
1972,RP000098755,2018-05-27,82.94,93.02,77.00,28.30
1974,RP000098755,2018-05-29,81.68,92.30,74.66,27.60
1976,RP000098755,2018-05-31,81.68,90.86,72.86,27.60
1977,RP000098755,2018-06-01,82.22,91.22,74.84,27.90
1978,RP000098755,2018-06-02,79.88,86.54,75.92,26.60
1979,RP000098755,2018-06-03,82.40,92.12,77.00,28.00
1980,RP000098755,2018-06-04,84.02,91.40,76.10,28.90
1983,RP000098755,2018-06-07,86.18,96.08,76.64,30.10
1984,RP000098755,2018-06-08,85.82,93.56,78.62,29.90
1986,RP000098755,2018-06-10,85.82,93.92,77.54,29.90
1989,RP000098755,2018-06-13,83.48,94.28,73.76,28.60
1990,RP000098755,2018-06-14,82.40,92.66,74.84,28.00
1991,RP000098755,2018-06-15,82.58,93.20,75.02,28.10
1992,RP000098755,2018-06-16,81.68,93.02,75.20,27.60
1993,RP000098755,2018-06-17,81.32,92.84,75.02,27.40
1995,RP000098755,2018-06-19,82.76,92.30,72.50,28.20
1997,RP000098755,2018-06-21,80.78,92.30,73.76,27.10
1998,RP000098755,2018-06-22,81.68,90.14,72.68,27.60
2000,RP000098755,2018-06-24,83.84,91.94,74.30,28.80
2001,RP000098755,2018-06-25,83.84,92.66,75.56,28.80
2002,RP000098755,2018-06-26,83.48,93.56,75.38,28.60
2003,RP000098755,2018-06-27,82.04,90.86,74.48,27.80
2004,RP000098755,2018-06-28,84.02,92.66,75.20,28.90
2007,RP000098755,2018-07-01,84.02,95.18,73.40,28.90
2008,RP000098755,2018-07-02,82.40,93.02,74.66,28.00
2009,RP000098755,2018-07-03,82.76,94.10,74.84,28.20
2011,RP000098755,2018-07-05,80.60,91.94,73.40,27.00
2012,RP000098755,2018-07-06,80.60,92.84,73.40,27.00
2013,RP000098755,2018-07-07,82.76,94.64,74.66,28.20
2014,RP000098755,2018-07-08,83.48,93.92,76.10,28.60
2015,RP000098755,2018-07-09,83.84,95.00,75.74,28.80
2017,RP000098755,2018-07-11,81.50,93.56,73.40,27.50
2018,RP000098755,2018-07-12,78.44,81.50,75.38,25.80
2019,RP000098755,2018-07-13,81.32,87.80,76.10,27.40
2022,RP000098755,2018-07-16,80.06,88.70,74.84,26.70
2023,RP000098755,2018-07-17,84.38,92.66,75.20,29.10
2025,RP000098755,2018-07-19,84.92,93.20,77.00,29.40
2027,RP000098755,2018-07-21,82.40,94.10,75.20,28.00
2029,RP000098755,2018-07-23,83.12,91.76,75.20,28.40
2030,RP000098755,2018-07-24,85.64,94.46,77.36,29.80
2031,RP000098755,2018-07-25,85.46,97.16,77.00,29.70
2032,RP000098755,2018-07-26,84.92,96.08,77.36,29.40
2034,RP000098755,2018-07-28,83.48,93.38,73.76,28.60
2035,RP000098755,2018-07-29,81.68,95.90,74.84,27.60
2036,RP000098755,2018-07-30,83.30,95.36,74.30,28.50
2037,RP000098755,2018-07-31,82.76,94.10,75.38,28.20
2038,RP000098755,2018-08-01,82.22,93.20,75.56,27.90
2039,RP000098755,2018-08-02,82.76,92.66,77.00,28.20
2041,RP000098755,2018-08-04,82.94,92.12,74.30,28.30
2042,RP000098755,2018-08-05,82.76,90.32,77.54,28.20
2043,RP000098755,2018-08-06,84.20,95.54,78.08,29.00
2044,RP000098755,2018-08-07,84.74,92.30,73.58,29.30
2048,RP000098755,2018-08-11,82.94,90.50,75.56,28.30
2049,RP000098755,2018-08-12,83.66,97.16,76.10,28.70
2050,RP000098755,2018-08-13,84.74,96.44,75.56,29.30
2051,RP000098755,2018-08-14,85.28,97.16,77.00,29.60
2052,RP000098755,2018-08-15,84.74,95.36,77.90,29.30
2054,RP000098755,2018-08-17,82.40,94.82,76.10,28.00
2055,RP000098755,2018-08-18,83.12,96.44,75.74,28.40
2056,RP000098755,2018-08-19,81.68,90.68,76.10,27.60
2057,RP000098755,2018-08-20,83.66,95.54,75.74,28.70
2058,RP000098755,2018-08-21,85.28,92.66,75.92,29.60
2062,RP000098755,2018-08-25,79.70,87.80,73.94,26.50
2064,RP000098755,2018-08-27,83.12,92.30,71.96,28.40
2065,RP000098755,2018-08-28,82.76,90.50,74.30,28.20
2066,RP000098755,2018-08-29,82.04,90.14,75.38,27.80
2068,RP000098755,2018-08-31,81.32,91.04,73.40,27.40
2069,RP000098755,2018-09-01,82.94,95.36,74.12,28.30
2070,RP000098755,2018-09-02,83.84,93.20,75.56,28.80
2071,RP000098755,2018-09-03,84.02,93.56,77.00,28.90
2073,RP000098755,2018-09-05,81.86,94.28,73.94,27.70
2074,RP000098755,2018-09-06,85.28,95.36,74.48,29.60
2076,RP000098755,2018-09-08,81.32,91.76,75.20,27.40
2077,RP000098755,2018-09-09,80.06,88.88,74.30,26.70
2079,RP000098755,2018-09-11,79.52,94.10,73.40,26.40
2080,RP000098755,2018-09-12,80.60,89.24,74.48,27.00
2081,RP000098755,2018-09-13,81.68,86.72,76.10,27.60
2082,RP000098755,2018-09-14,82.40,90.50,78.62,28.00
2088,RP000098755,2018-09-21,80.24,90.32,72.86,26.80
2089,RP000098755,2018-09-22,82.58,91.22,75.74,28.10
2090,RP000098755,2018-09-23,81.50,91.04,75.38,27.50
2091,RP000098755,2018-09-24,83.30,94.10,74.30,28.50
2092,RP000098755,2018-09-25,83.66,96.44,74.30,28.70
2093,RP000098755,2018-09-26,85.46,94.82,76.46,29.70
2094,RP000098755,2018-09-27,85.28,95.72,75.74,29.60
2096,RP000098755,2018-09-29,83.66,91.94,76.10,28.70
2097,RP000098755,2018-09-30,83.30,92.30,76.28,28.50
2099,RP000098755,2018-10-02,82.04,92.30,74.48,27.80
2101,RP000098755,2018-10-04,81.86,91.76,75.02,27.70
2102,RP000098755,2018-10-05,82.58,90.50,74.84,28.10
2103,RP000098755,2018-10-06,82.04,90.32,75.92,27.80
2104,RP000098755,2018-10-07,82.94,87.80,76.10,28.30
2106,RP000098755,2018-10-09,81.50,90.14,74.30,27.50
2107,RP000098755,2018-10-10,81.14,88.70,73.76,27.30
2108,RP000098755,2018-10-11,81.86,88.16,74.12,27.70
2109,RP000098755,2018-10-12,81.86,87.26,75.92,27.70
2111,RP000098755,2018-10-14,79.52,86.36,74.30,26.40
2112,RP000098755,2018-10-15,81.68,88.16,74.66,27.60
2114,RP000098755,2018-10-17,79.88,89.24,73.04,26.60
2115,RP000098755,2018-10-18,80.78,87.44,73.04,27.10
2116,RP000098755,2018-10-19,80.78,87.08,75.20,27.10
2117,RP000098755,2018-10-20,81.68,88.70,74.48,27.60
2118,RP000098755,2018-10-21,81.32,91.04,75.20,27.40
2120,RP000098755,2018-10-23,79.34,91.76,71.96,26.30
2121,RP000098755,2018-10-24,81.14,89.78,75.38,27.30
2122,RP000098755,2018-10-25,82.22,90.50,75.74,27.90
2123,RP000098755,2018-10-26,81.14,88.16,74.84,27.30
2124,RP000098755,2018-10-27,80.96,89.60,74.30,27.20
2125,RP000098755,2018-10-28,81.68,92.12,74.30,27.60
2126,RP000098755,2018-10-29,82.76,93.92,72.68,28.20
2127,RP000098755,2018-10-30,83.12,90.32,75.20,28.40
2129,RP000098755,2018-11-01,82.04,89.42,75.38,27.80
2130,RP000098755,2018-11-02,80.96,87.08,75.74,27.20
2131,RP000098755,2018-11-03,79.70,86.72,75.56,26.50
2132,RP000098755,2018-11-04,81.14,87.26,75.02,27.30
2133,RP000098755,2018-11-05,80.96,87.80,76.10,27.20
2134,RP000098755,2018-11-06,80.60,85.46,75.92,27.00
2137,RP000098755,2018-11-09,80.78,87.26,74.30,27.10
2138,RP000098755,2018-11-10,78.44,84.92,75.20,25.80
2139,RP000098755,2018-11-11,79.52,85.64,75.20,26.40
2140,RP000098755,2018-11-12,76.82,78.80,75.20,24.90
2142,RP000098755,2018-11-14,80.60,86.90,74.12,27.00
2144,RP000098755,2018-11-16,78.62,86.72,73.94,25.90
2146,RP000098755,2018-11-18,80.96,87.44,71.60,27.20
2148,RP000098755,2018-11-20,77.72,86.36,70.34,25.40
2149,RP000098755,2018-11-21,81.68,88.70,72.50,27.60
2150,RP000098755,2018-11-22,81.32,87.26,75.56,27.40
2152,RP000098755,2018-11-24,81.32,90.50,73.40,27.40
2153,RP000098755,2018-11-25,82.04,89.06,74.30,27.80
2154,RP000098755,2018-11-26,82.22,89.60,76.10,27.90
2155,RP000098755,2018-11-27,81.32,89.06,76.28,27.40
2158,RP000098755,2018-11-30,79.52,87.98,73.76,26.40
2160,RP000098755,2018-12-02,78.80,88.34,73.40,26.00
2161,RP000098755,2018-12-03,80.78,89.42,72.32,27.10
2162,RP000098755,2018-12-04,80.78,86.36,74.48,27.10
2163,RP000098755,2018-12-05,81.50,86.54,76.46,27.50
2164,RP000098755,2018-12-06,82.22,87.26,77.36,27.90
2165,RP000098755,2018-12-07,80.78,86.00,77.00,27.10
2166,RP000098755,2018-12-08,82.22,86.90,76.10,27.90
2167,RP000098755,2018-12-09,80.78,86.90,76.28,27.10
2168,RP000098755,2018-12-10,80.24,87.26,75.20,26.80
2169,RP000098755,2018-12-11,80.06,86.18,75.20,26.70
2170,RP000098755,2018-12-12,79.88,86.54,74.66,26.60
2171,RP000098755,2018-12-13,80.78,85.82,74.30,27.10
2172,RP000098755,2018-12-14,81.32,86.36,76.10,27.40
2173,RP000098755,2018-12-15,81.86,87.08,77.00,27.70
2174,RP000098755,2018-12-16,80.24,86.00,76.10,26.80
2176,RP000098755,2018-12-18,80.06,87.98,73.76,26.70
2178,RP000098755,2018-12-20,79.16,86.00,72.68,26.20
2179,RP000098755,2018-12-21,79.16,85.82,74.30,26.20
2180,RP000098755,2018-12-22,80.24,88.52,75.20,26.80
2181,RP000098755,2018-12-23,79.16,84.56,75.38,26.20
2182,RP000098755,2018-12-24,77.00,81.50,75.20,25.00
2183,RP000098755,2018-12-25,80.24,88.34,73.58,26.80
2185,RP000098755,2018-12-27,81.14,87.98,74.48,27.30
2186,RP000098755,2018-12-28,81.68,88.88,76.82,27.60
2187,RP000098755,2018-12-29,81.86,88.70,76.10,27.70
2189,RP000098755,2018-12-31,80.42,95.36,74.12,26.90
2190,RP000098755,2019-01-01,81.86,87.08,75.56,27.70
2191,RP000098755,2019-01-02,81.50,84.56,79.16,27.50
2193,RP000098755,2019-01-04,80.60,87.44,72.50,27.00
2194,RP000098755,2019-01-05,78.80,82.40,75.20,26.00
2196,RP000098755,2019-01-07,78.62,85.28,71.60,25.90
2197,RP000098755,2019-01-08,80.78,85.28,73.40,27.10
2198,RP000098755,2019-01-09,80.60,85.82,74.48,27.00
2201,RP000098755,2019-01-12,77.18,82.40,72.50,25.10
2202,RP000098755,2019-01-13,79.52,84.92,74.12,26.40
2203,RP000098755,2019-01-14,80.42,85.10,75.20,26.90
2204,RP000098755,2019-01-15,79.88,84.74,73.40,26.60
2205,RP000098755,2019-01-16,78.80,84.02,74.84,26.00
2207,RP000098755,2019-01-18,78.26,83.84,72.14,25.70
2208,RP000098755,2019-01-19,75.92,81.32,73.40,24.40
2209,RP000098755,2019-01-20,76.64,79.88,73.40,24.80
2210,RP000098755,2019-01-21,80.60,87.08,74.30,27.00
2211,RP000098755,2019-01-22,79.52,85.46,76.10,26.40
2212,RP000098755,2019-01-23,81.32,86.36,75.92,27.40
2213,RP000098755,2019-01-24,80.24,84.92,76.64,26.80
2214,RP000098755,2019-01-25,80.78,86.00,75.38,27.10
2216,RP000098755,2019-01-27,74.12,79.34,70.52,23.40
2217,RP000098755,2019-01-28,74.84,79.52,70.70,23.80
2219,RP000098755,2019-01-30,74.84,80.06,70.16,23.80
2220,RP000098755,2019-01-31,78.08,83.48,71.42,25.60
2222,RP000098755,2019-02-02,78.26,84.74,68.00,25.70
2224,RP000098755,2019-02-04,76.28,78.98,73.40,24.60
2225,RP000098755,2019-02-05,78.44,91.94,73.94,25.80
2227,RP000098755,2019-02-07,78.08,84.92,71.42,25.60
2228,RP000098755,2019-02-08,78.08,84.20,72.50,25.60
2229,RP000098755,2019-02-09,77.54,85.46,72.50,25.30
2230,RP000098755,2019-02-10,80.24,84.20,72.32,26.80
2231,RP000098755,2019-02-11,79.16,83.84,74.84,26.20
2232,RP000098755,2019-02-12,79.52,84.92,74.48,26.40
2234,RP000098755,2019-02-14,78.98,86.90,69.80,26.10
2235,RP000098755,2019-02-15,78.62,86.36,73.40,25.90
2238,RP000098755,2019-02-18,79.34,84.74,71.06,26.30
2239,RP000098755,2019-02-19,78.62,84.56,72.50,25.90
2242,RP000098755,2019-02-22,77.90,85.82,66.20,25.50
2243,RP000098755,2019-02-23,76.82,84.56,68.90,24.90
2245,RP000098755,2019-02-25,77.36,84.20,68.00,25.20
2247,RP000098755,2019-02-27,77.00,86.72,65.30,25.00
2248,RP000098755,2019-02-28,77.72,84.56,69.98,25.40
2249,RP000098755,2019-03-01,80.06,86.54,73.94,26.70
2250,RP000098755,2019-03-02,78.44,85.10,73.40,25.80
2251,RP000098755,2019-03-03,80.24,87.98,73.40,26.80
2252,RP000098755,2019-03-04,79.52,86.72,72.50,26.40
2254,RP000098755,2019-03-06,80.06,84.74,72.50,26.70
2256,RP000098755,2019-03-08,77.54,84.92,71.96,25.30
2257,RP000098755,2019-03-09,78.44,85.46,71.60,25.80
2258,RP000098755,2019-03-10,78.44,85.82,71.60,25.80
2259,RP000098755,2019-03-11,78.26,84.92,71.60,25.70
2260,RP000098755,2019-03-12,78.98,85.46,72.50,26.10
2262,RP000098755,2019-03-14,79.52,85.10,71.96,26.40
2265,RP000098755,2019-03-17,79.70,86.90,73.76,26.50
2266,RP000098755,2019-03-18,77.18,82.40,75.20,25.10
2267,RP000098755,2019-03-19,79.88,84.92,74.30,26.60
2269,RP000098755,2019-03-21,79.34,86.72,72.32,26.30
2270,RP000098755,2019-03-22,79.52,84.92,71.24,26.40
2271,RP000098755,2019-03-23,79.88,85.46,72.50,26.60
2274,RP000098755,2019-03-26,81.14,87.62,68.90,27.30
2277,RP000098755,2019-03-29,78.08,84.56,70.88,25.60
2278,RP000098755,2019-03-30,79.52,85.46,70.70,26.40
2279,RP000098755,2019-03-31,81.32,87.08,70.52,27.40
2281,RP000098755,2019-04-02,80.24,86.18,75.20,26.80
2282,RP000098755,2019-04-03,79.34,84.56,75.02,26.30
2284,RP000098755,2019-04-05,80.78,85.46,73.94,27.10
2285,RP000098755,2019-04-06,81.32,87.62,74.84,27.40
2286,RP000098755,2019-04-07,79.70,86.00,68.90,26.50
2287,RP000098755,2019-04-08,80.24,84.20,75.20,26.80
2288,RP000098755,2019-04-09,80.06,91.04,77.00,26.70
2289,RP000098755,2019-04-10,80.60,85.10,76.82,27.00
2290,RP000098755,2019-04-11,81.32,89.42,76.82,27.40
2291,RP000098755,2019-04-12,83.48,88.34,76.28,28.60
2293,RP000098755,2019-04-14,80.78,86.54,74.84,27.10
2294,RP000098755,2019-04-15,80.96,86.54,74.30,27.20
2296,RP000098755,2019-04-17,81.14,89.96,72.14,27.30
2297,RP000098755,2019-04-18,82.22,88.52,74.30,27.90
2299,RP000098755,2019-04-20,81.68,88.52,73.76,27.60
2300,RP000098755,2019-04-21,81.32,85.82,75.56,27.40
2303,RP000098755,2019-04-24,80.42,87.62,72.50,26.90
2304,RP000098755,2019-04-25,80.60,87.08,75.02,27.00
2308,RP000098755,2019-04-29,80.96,87.08,75.02,27.20
2309,RP000098755,2019-04-30,81.32,88.52,75.20,27.40
2310,RP000098755,2019-05-01,80.24,87.26,75.92,26.80
2311,RP000098755,2019-05-02,80.78,87.62,75.02,27.10
2312,RP000098755,2019-05-03,82.04,88.52,74.48,27.80
2313,RP000098755,2019-05-04,82.94,92.30,75.20,28.30
2314,RP000098755,2019-05-05,82.76,91.22,74.84,28.20
2315,RP000098755,2019-05-06,84.02,94.10,75.20,28.90
2316,RP000098755,2019-05-07,84.56,92.48,76.46,29.20
2317,RP000098755,2019-05-08,85.82,93.92,76.82,29.90
2320,RP000098755,2019-05-11,83.48,93.20,75.56,28.60
2321,RP000098755,2019-05-12,80.96,84.74,77.54,27.20
2323,RP000098755,2019-05-14,83.48,90.50,76.64,28.60
2325,RP000098755,2019-05-16,84.74,92.66,74.84,29.30
2327,RP000098755,2019-05-18,83.66,92.30,74.48,28.70
2328,RP000098755,2019-05-19,84.56,91.94,75.38,29.20
2329,RP000098755,2019-05-20,86.54,96.08,76.82,30.30
2332,RP000098755,2019-05-23,84.92,94.64,75.56,29.40
2334,RP000098755,2019-05-25,83.84,94.46,77.00,28.80
2335,RP000098755,2019-05-26,83.66,92.30,76.46,28.70
2338,RP000098755,2019-05-29,84.74,92.84,75.92,29.30
2340,RP000098755,2019-05-31,83.12,92.84,75.20,28.40
2341,RP000098755,2019-06-01,80.78,88.88,77.00,27.10
2343,RP000098755,2019-06-03,81.32,88.16,75.74,27.40
2344,RP000098755,2019-06-04,78.98,89.24,75.56,26.10
2345,RP000098755,2019-06-05,81.50,90.86,74.30,27.50
2346,RP000098755,2019-06-06,82.94,91.40,74.84,28.30
2347,RP000098755,2019-06-07,82.58,90.86,76.10,28.10
2348,RP000098755,2019-06-08,80.24,88.88,77.00,26.80
2349,RP000098755,2019-06-09,83.84,90.68,76.28,28.80
2351,RP000098755,2019-06-11,83.84,93.74,75.92,28.80
2352,RP000098755,2019-06-12,85.46,93.02,77.18,29.70
2353,RP000098755,2019-06-13,84.38,95.00,77.54,29.10
2355,RP000098755,2019-06-15,83.84,93.20,76.10,28.80
2356,RP000098755,2019-06-16,84.38,94.10,76.28,29.10
2358,RP000098755,2019-06-18,82.94,92.66,75.38,28.30
2359,RP000098755,2019-06-19,83.30,90.32,76.82,28.50
2360,RP000098755,2019-06-20,84.92,93.38,76.82,29.40
2362,RP000098755,2019-06-22,80.06,84.20,74.48,26.70
2364,RP000098755,2019-06-24,80.42,91.58,75.38,26.90
2365,RP000098755,2019-06-25,83.30,92.48,74.12,28.50
2366,RP000098755,2019-06-26,82.94,93.56,76.82,28.30
2368,RP000098755,2019-06-28,82.22,90.50,74.84,27.90
2370,RP000098755,2019-06-30,82.76,92.30,77.00,28.20
2372,RP000098755,2019-07-02,81.32,91.58,75.20,27.40
2374,RP000098755,2019-07-04,81.68,89.60,75.20,27.60
2376,RP000098755,2019-07-06,83.48,93.20,75.20,28.60
2377,RP000098755,2019-07-07,83.48,92.30,76.10,28.60
2379,RP000098755,2019-07-09,80.24,87.08,74.30,26.80
2380,RP000098755,2019-07-10,81.14,90.32,74.84,27.30
2381,RP000098755,2019-07-11,81.50,90.32,74.30,27.50
2382,RP000098755,2019-07-12,80.78,89.42,74.48,27.10
2383,RP000098755,2019-07-13,80.06,86.90,76.10,26.70
2385,RP000098755,2019-07-15,81.68,91.04,75.02,27.60
2386,RP000098755,2019-07-16,84.38,93.92,77.54,29.10
2388,RP000098755,2019-07-18,84.20,92.12,75.02,29.00
2389,RP000098755,2019-07-19,84.02,93.02,75.56,28.90
2390,RP000098755,2019-07-20,84.56,93.92,74.66,29.20
2393,RP000098755,2019-07-23,79.88,93.02,74.84,26.60
2394,RP000098755,2019-07-24,81.14,92.12,73.40,27.30
2396,RP000098755,2019-07-26,82.76,94.46,73.04,28.20
2397,RP000098755,2019-07-27,82.94,89.42,74.12,28.30
2399,RP000098755,2019-07-29,80.42,86.90,74.84,26.90
2400,RP000098755,2019-07-30,82.76,92.48,75.92,28.20
2401,RP000098755,2019-07-31,82.04,88.88,75.92,27.80
2402,RP000098755,2019-08-01,83.30,90.32,76.64,28.50
2403,RP000098755,2019-08-02,82.94,89.78,78.08,28.30
2404,RP000098755,2019-08-03,84.20,93.56,77.90,29.00
2405,RP000098755,2019-08-04,84.74,95.72,78.80,29.30
2406,RP000098755,2019-08-05,86.54,97.34,78.26,30.30
2407,RP000098755,2019-08-06,85.28,95.00,79.16,29.60
2409,RP000098755,2019-08-08,84.56,95.54,77.72,29.20
2410,RP000098755,2019-08-09,86.18,95.00,77.00,30.10
2411,RP000098755,2019-08-10,84.74,95.72,75.56,29.30
2412,RP000098755,2019-08-11,86.18,95.72,77.90,30.10
2413,RP000098755,2019-08-12,86.00,95.54,77.00,30.00
2415,RP000098755,2019-08-14,83.84,93.56,74.84,28.80
2416,RP000098755,2019-08-15,84.38,92.30,77.00,29.10
2418,RP000098755,2019-08-17,80.96,90.14,74.30,27.20
2419,RP000098755,2019-08-18,83.12,91.76,75.20,28.40
2422,RP000098755,2019-08-21,81.50,93.02,73.58,27.50
2423,RP000098755,2019-08-22,83.48,96.62,77.00,28.60
2425,RP000098755,2019-08-24,83.66,90.50,77.00,28.70
2426,RP000098755,2019-08-25,83.12,91.76,77.00,28.40
2427,RP000098755,2019-08-26,83.48,92.12,75.56,28.60
2428,RP000098755,2019-08-27,84.38,95.36,78.44,29.10
2431,RP000098755,2019-08-30,81.32,91.40,74.30,27.40
2432,RP000098755,2019-08-31,79.88,91.58,75.20,26.60
2433,RP000098755,2019-09-01,79.34,91.40,75.20,26.30
2434,RP000098755,2019-09-02,81.86,94.10,75.20,27.70
2435,RP000098755,2019-09-03,82.22,90.14,74.84,27.90
2436,RP000098755,2019-09-04,83.66,91.40,73.76,28.70
2438,RP000098755,2019-09-06,86.00,95.00,77.00,30.00
2439,RP000098755,2019-09-07,84.38,95.00,76.10,29.10
2440,RP000098755,2019-09-08,82.76,91.40,76.28,28.20
2441,RP000098755,2019-09-09,84.56,92.12,76.10,29.20
2442,RP000098755,2019-09-10,84.56,92.48,77.00,29.20
2443,RP000098755,2019-09-11,84.74,94.64,77.90,29.30
2444,RP000098755,2019-09-12,84.02,91.76,78.62,28.90
2445,RP000098755,2019-09-13,85.82,95.90,77.90,29.90
2448,RP000098755,2019-09-16,83.66,91.40,75.56,28.70
2449,RP000098755,2019-09-17,83.30,90.86,77.00,28.50
2450,RP000098755,2019-09-18,82.58,90.68,77.18,28.10
2451,RP000098755,2019-09-19,82.94,91.04,76.28,28.30
2452,RP000098755,2019-09-20,82.94,91.22,76.10,28.30
2454,RP000098755,2019-09-22,82.22,90.68,72.50,27.90
2456,RP000098755,2019-09-24,81.32,89.60,72.68,27.40
2457,RP000098755,2019-09-25,82.76,91.40,74.12,28.20
2458,RP000098755,2019-09-26,83.84,92.30,76.82,28.80
2459,RP000098755,2019-09-27,83.66,91.22,76.82,28.70
2461,RP000098755,2019-09-29,83.30,93.56,73.22,28.50
2462,RP000098755,2019-09-30,82.22,92.12,74.12,27.90
2463,RP000098755,2019-10-01,82.76,90.50,73.94,28.20
2464,RP000098755,2019-10-02,82.22,91.04,75.20,27.90
2465,RP000098755,2019-10-03,82.22,93.02,74.84,27.90
2466,RP000098755,2019-10-04,82.94,92.66,74.12,28.30
2467,RP000098755,2019-10-05,81.86,88.70,75.20,27.70
2469,RP000098755,2019-10-07,82.76,89.96,75.20,28.20
2471,RP000098755,2019-10-09,80.42,90.68,73.40,26.90
2473,RP000098755,2019-10-11,80.78,90.32,73.76,27.10
2474,RP000098755,2019-10-12,81.32,88.70,74.48,27.40
2476,RP000098755,2019-10-14,81.32,89.96,73.04,27.40
2477,RP000098755,2019-10-15,81.32,89.24,75.20,27.40
2478,RP000098755,2019-10-16,82.04,89.24,75.02,27.80
2479,RP000098755,2019-10-17,81.86,90.86,75.38,27.70
2480,RP000098755,2019-10-18,81.86,88.88,75.20,27.70
2481,RP000098755,2019-10-19,82.40,88.88,74.48,28.00
2482,RP000098755,2019-10-20,82.58,87.62,75.74,28.10
2483,RP000098755,2019-10-21,82.94,90.86,76.28,28.30
2484,RP000098755,2019-10-22,83.48,91.04,75.92,28.60
2486,RP000098755,2019-10-24,82.58,90.68,74.12,28.10
2487,RP000098755,2019-10-25,81.14,89.60,75.20,27.30
2489,RP000098755,2019-10-27,78.44,83.12,73.40,25.80
2490,RP000098755,2019-10-28,82.22,89.60,74.84,27.90
2491,RP000098755,2019-10-29,81.50,86.90,75.02,27.50
2493,RP000098755,2019-10-31,78.44,84.92,72.86,25.80
2494,RP000098755,2019-11-01,80.42,89.42,73.94,26.90
2497,RP000098755,2019-11-04,81.14,90.86,74.12,27.30
2499,RP000098755,2019-11-06,81.86,92.12,74.30,27.70
2500,RP000098755,2019-11-07,86.36,94.28,74.30,30.20
2502,RP000098755,2019-11-09,80.96,89.42,73.40,27.20
2503,RP000098755,2019-11-10,82.58,93.38,74.30,28.10
2504,RP000098755,2019-11-11,80.78,90.68,75.56,27.10
2505,RP000098755,2019-11-12,79.52,88.70,75.20,26.40
2506,RP000098755,2019-11-13,81.86,88.70,75.02,27.70
2508,RP000098755,2019-11-15,83.12,94.10,74.30,28.40
2509,RP000098755,2019-11-16,84.20,95.36,75.56,29.00
2510,RP000098755,2019-11-17,82.04,90.50,75.02,27.80
2511,RP000098755,2019-11-18,82.40,90.50,74.30,28.00
2513,RP000098755,2019-11-20,82.04,91.76,74.84,27.80
2514,RP000098755,2019-11-21,82.22,89.96,74.30,27.90
2515,RP000098755,2019-11-22,80.42,88.16,75.38,26.90
2516,RP000098755,2019-11-23,82.58,88.16,74.84,28.10
2517,RP000098755,2019-11-24,79.52,85.46,75.20,26.40
2518,RP000098755,2019-11-25,81.50,89.78,74.30,27.50
2519,RP000098755,2019-11-26,81.68,87.98,76.10,27.60
2521,RP000098755,2019-11-28,81.86,89.24,74.48,27.70
2522,RP000098755,2019-11-29,78.62,85.10,75.56,25.90
2524,RP000098755,2019-12-01,80.96,89.60,72.68,27.20
2525,RP000098755,2019-12-02,82.76,93.20,74.48,28.20
2526,RP000098755,2019-12-03,82.94,90.68,73.22,28.30
2527,RP000098755,2019-12-04,82.58,88.34,75.92,28.10
2529,RP000098755,2019-12-06,81.86,87.98,76.28,27.70
2531,RP000098755,2019-12-08,82.94,89.78,75.20,28.30
2532,RP000098755,2019-12-09,81.86,90.32,74.84,27.70
2534,RP000098755,2019-12-11,80.96,87.62,73.40,27.20
2535,RP000098755,2019-12-12,80.60,84.56,76.10,27.00
2536,RP000098755,2019-12-13,76.64,82.04,74.30,24.80
2537,RP000098755,2019-12-14,78.08,84.20,73.58,25.60
2538,RP000098755,2019-12-15,78.26,85.64,73.76,25.70
2539,RP000098755,2019-12-16,78.98,86.54,75.02,26.10
2541,RP000098755,2019-12-18,78.62,84.92,71.60,25.90
2542,RP000098755,2019-12-19,77.54,85.10,73.22,25.30
2543,RP000098755,2019-12-20,78.44,85.10,72.50,25.80
2545,RP000098755,2019-12-22,77.54,85.46,73.58,25.30
2546,RP000098755,2019-12-23,81.14,89.06,72.32,27.30
2548,RP000098755,2019-12-25,79.88,84.38,72.68,26.60
2550,RP000098755,2019-12-27,82.76,86.54,76.46,28.20
2552,RP000098755,2019-12-29,80.60,86.54,72.68,27.00
2553,RP000098755,2019-12-30,80.42,85.28,70.88,26.90
2554,RP000098755,2019-12-31,82.22,86.54,75.38,27.90
2555,RP000098755,2020-01-01,82.58,86.90,76.28,28.10
2556,RP000098755,2020-01-02,82.58,86.54,77.90,28.10
2558,RP000098755,2020-01-04,80.06,86.36,73.58,26.70
2559,RP000098755,2020-01-05,77.72,83.48,72.50,25.40
2560,RP000098755,2020-01-06,80.42,85.82,72.68,26.90
2561,RP000098755,2020-01-07,79.34,86.00,74.30,26.30
2562,RP000098755,2020-01-08,79.16,86.00,74.30,26.20
2567,RP000098755,2020-01-13,80.96,87.26,73.76,27.20
2568,RP000098755,2020-01-14,80.78,87.80,73.40,27.10
2569,RP000098755,2020-01-15,81.32,88.52,74.48,27.40
2572,RP000098755,2020-01-18,79.34,88.16,70.34,26.30
2573,RP000098755,2020-01-19,80.24,85.64,71.60,26.80
2574,RP000098755,2020-01-20,80.96,86.72,75.38,27.20
2576,RP000098755,2020-01-22,79.34,84.92,72.86,26.30
2577,RP000098755,2020-01-23,80.24,85.46,74.66,26.80
2578,RP000098755,2020-01-24,80.78,85.82,74.66,27.10
2579,RP000098755,2020-01-25,78.08,82.40,76.10,25.60
2582,RP000098755,2020-01-28,81.86,87.26,75.92,27.70
2584,RP000098755,2020-01-30,80.24,85.10,74.84,26.80
2586,RP000098755,2020-02-01,78.26,81.32,73.40,25.70
2589,RP000098755,2020-02-04,78.26,86.18,68.54,25.70
2590,RP000098755,2020-02-05,80.24,89.24,71.42,26.80
2591,RP000098755,2020-02-06,79.34,86.54,75.02,26.30
2592,RP000098755,2020-02-07,81.14,86.18,76.82,27.30
2594,RP000098755,2020-02-09,80.06,86.90,71.60,26.70
2595,RP000098755,2020-02-10,81.86,86.00,74.30,27.70
2597,RP000098755,2020-02-12,80.78,84.74,73.94,27.10
2598,RP000098755,2020-02-13,80.96,85.28,75.20,27.20
2599,RP000098755,2020-02-14,81.86,85.64,75.20,27.70
2601,RP000098755,2020-02-16,80.06,85.82,74.48,26.70
2603,RP000098755,2020-02-18,78.44,87.08,73.76,25.80
2604,RP000098755,2020-02-19,79.34,85.64,73.04,26.30
2605,RP000098755,2020-02-20,81.50,86.00,72.50,27.50
2607,RP000098755,2020-02-22,78.98,86.90,71.78,26.10
2608,RP000098755,2020-02-23,81.32,87.26,73.40,27.40
2609,RP000098755,2020-02-24,80.96,86.36,74.84,27.20
2611,RP000098755,2020-02-26,79.34,85.10,73.76,26.30
2612,RP000098755,2020-02-27,78.44,85.10,74.30,25.80
2613,RP000098755,2020-02-28,81.86,85.82,74.30,27.70
2615,RP000098755,2020-03-01,79.52,87.08,72.68,26.40
2617,RP000098755,2020-03-03,79.34,85.46,70.52,26.30
2618,RP000098755,2020-03-04,81.68,88.52,74.48,27.60
2619,RP000098755,2020-03-05,80.24,86.72,76.28,26.80
2620,RP000098755,2020-03-06,82.04,89.42,76.64,27.80
2621,RP000098755,2020-03-07,83.48,89.24,77.72,28.60
2623,RP000098755,2020-03-09,80.42,85.64,72.50,26.90
2628,RP000098755,2020-03-14,77.72,87.80,72.50,25.40
2629,RP000098755,2020-03-15,80.96,88.70,71.60,27.20
2630,RP000098755,2020-03-16,79.70,87.08,74.30,26.50
2631,RP000098755,2020-03-17,79.16,84.92,74.30,26.20
2632,RP000098755,2020-03-18,78.62,88.16,73.76,25.90
2634,RP000098755,2020-03-20,81.14,87.80,72.50,27.30
2635,RP000098755,2020-03-21,79.16,84.56,75.38,26.20
2636,RP000098755,2020-03-22,79.88,86.18,75.02,26.60
2637,RP000098755,2020-03-23,80.06,86.36,74.48,26.70
2639,RP000098755,2020-03-25,79.34,86.00,73.04,26.30
2641,RP000098755,2020-03-27,81.14,86.36,73.76,27.30
2643,RP000098755,2020-03-29,80.96,86.36,75.56,27.20
2644,RP000098755,2020-03-30,80.06,84.56,75.56,26.70
2647,RP000098755,2020-04-02,81.68,87.98,74.12,27.60
2648,RP000098755,2020-04-03,79.52,86.36,74.66,26.40
2649,RP000098755,2020-04-04,80.78,86.72,74.66,27.10
2650,RP000098755,2020-04-05,80.24,86.90,74.12,26.80
2651,RP000098755,2020-04-06,81.68,86.72,73.58,27.60
2652,RP000098755,2020-04-07,81.14,91.22,73.22,27.30
2653,RP000098755,2020-04-08,83.30,91.94,73.04,28.50
2656,RP000098755,2020-04-11,80.06,87.80,72.50,26.70
2657,RP000098755,2020-04-12,79.34,86.90,71.60,26.30
2658,RP000098755,2020-04-13,79.34,86.54,70.52,26.30
2659,RP000098755,2020-04-14,80.78,90.32,71.78,27.10
2660,RP000098755,2020-04-15,83.12,90.50,73.04,28.40
2663,RP000098755,2020-04-18,82.04,88.34,75.92,27.80
2664,RP000098755,2020-04-19,78.98,86.90,76.10,26.10
2665,RP000098755,2020-04-20,81.86,89.24,75.56,27.70
2666,RP000098755,2020-04-21,83.12,90.50,76.64,28.40
2668,RP000098755,2020-04-23,81.68,89.78,75.38,27.60
2669,RP000098755,2020-04-24,83.48,89.60,76.10,28.60
2671,RP000098755,2020-04-26,81.14,87.80,75.92,27.30
2673,RP000098755,2020-04-28,82.76,88.16,76.28,28.20
2675,RP000098755,2020-04-30,79.34,84.56,74.30,26.30
2676,RP000098755,2020-05-01,81.32,88.70,75.92,27.40
2677,RP000098755,2020-05-02,82.04,89.96,74.48,27.80
2678,RP000098755,2020-05-03,80.24,87.44,77.54,26.80
2679,RP000098755,2020-05-04,84.74,90.50,77.36,29.30
2682,RP000098755,2020-05-07,84.56,91.94,78.26,29.20
2684,RP000098755,2020-05-09,84.74,91.04,77.00,29.30
2685,RP000098755,2020-05-10,82.40,89.78,78.62,28.00
2686,RP000098755,2020-05-11,83.66,91.04,78.08,28.70
2687,RP000098755,2020-05-12,82.58,90.32,77.90,28.10
2688,RP000098755,2020-05-13,82.58,92.12,76.82,28.10
2689,RP000098755,2020-05-14,83.30,93.02,77.00,28.50
2690,RP000098755,2020-05-15,86.00,93.74,77.00,30.00
2691,RP000098755,2020-05-16,83.12,88.16,78.44,28.40
2692,RP000098755,2020-05-17,83.30,91.40,78.08,28.50
2693,RP000098755,2020-05-18,83.84,92.48,78.62,28.80
2695,RP000098755,2020-05-20,83.12,92.12,75.92,28.40
2696,RP000098755,2020-05-21,84.92,92.12,78.44,29.40
2697,RP000098755,2020-05-22,84.38,91.76,76.10,29.10
2699,RP000098755,2020-05-24,84.02,92.48,77.00,28.90
2700,RP000098755,2020-05-25,84.02,92.84,76.82,28.90
2702,RP000098755,2020-05-27,83.48,91.94,77.54,28.60
2704,RP000098755,2020-05-29,82.76,91.40,73.40,28.20
2705,RP000098755,2020-05-30,83.12,92.84,75.56,28.40
2706,RP000098755,2020-05-31,81.14,89.06,76.64,27.30
2707,RP000098755,2020-06-01,80.96,89.24,74.84,27.20
2709,RP000098755,2020-06-03,83.30,87.80,73.40,28.50
2710,RP000098755,2020-06-04,84.92,91.94,77.00,29.40
2711,RP000098755,2020-06-05,83.66,90.86,77.18,28.70
2712,RP000098755,2020-06-06,83.48,90.50,77.00,28.60
2714,RP000098755,2020-06-08,82.22,89.06,76.46,27.90
2715,RP000098755,2020-06-09,82.94,92.30,76.10,28.30
2718,RP000098755,2020-06-12,79.88,85.28,74.30,26.60
2719,RP000098755,2020-06-13,82.40,91.04,75.20,28.00
2721,RP000098755,2020-06-15,78.62,86.72,74.48,25.90
2722,RP000098755,2020-06-16,79.70,87.08,74.48,26.50
2723,RP000098755,2020-06-17,83.30,91.76,75.38,28.50
2725,RP000098755,2020-06-19,82.40,91.76,75.20,28.00
2727,RP000098755,2020-06-21,82.58,90.68,75.56,28.10
2728,RP000098755,2020-06-22,83.48,91.76,77.36,28.60
2729,RP000098755,2020-06-23,84.02,92.12,76.64,28.90
2730,RP000098755,2020-06-24,81.68,88.16,77.18,27.60
2732,RP000098755,2020-06-26,80.60,87.62,75.20,27.00
2734,RP000098755,2020-06-28,81.32,92.12,74.12,27.40
2736,RP000098755,2020-06-30,81.86,89.96,73.22,27.70
2738,RP000098755,2020-07-02,82.22,89.42,76.10,27.90
2742,RP000098755,2020-07-06,80.42,88.16,75.02,26.90
2743,RP000098755,2020-07-07,81.32,90.32,75.56,27.40
2744,RP000098755,2020-07-08,81.32,89.60,75.56,27.40
2745,RP000098755,2020-07-09,82.22,92.12,75.20,27.90
2746,RP000098755,2020-07-10,83.48,92.30,75.38,28.60
2747,RP000098755,2020-07-11,83.84,93.02,76.10,28.80
2748,RP000098755,2020-07-12,83.48,93.20,75.20,28.60
2749,RP000098755,2020-07-13,84.74,93.56,75.92,29.30
2750,RP000098755,2020-07-14,83.66,94.10,75.92,28.70
2752,RP000098755,2020-07-16,82.76,89.96,74.12,28.20
2753,RP000098755,2020-07-17,78.62,90.86,75.38,25.90
2754,RP000098755,2020-07-18,78.44,85.10,74.66,25.80
2755,RP000098755,2020-07-19,80.96,89.78,74.84,27.20
2756,RP000098755,2020-07-20,82.22,90.68,74.84,27.90
2757,RP000098755,2020-07-21,83.84,92.12,75.74,28.80
2760,RP000098755,2020-07-24,81.32,89.06,73.40,27.40
2761,RP000098755,2020-07-25,82.76,91.76,74.48,28.20
2762,RP000098755,2020-07-26,81.14,86.90,75.38,27.30
2764,RP000098755,2020-07-28,80.60,95.36,74.84,27.00
2765,RP000098755,2020-07-29,80.60,91.94,74.12,27.00
2766,RP000098755,2020-07-30,81.86,90.68,75.38,27.70
2769,RP000098755,2020-08-02,80.24,89.60,74.48,26.80
2770,RP000098755,2020-08-03,80.60,87.44,74.84,27.00
2771,RP000098755,2020-08-04,79.88,87.44,75.92,26.60
2772,RP000098755,2020-08-05,82.76,91.22,75.02,28.20
2776,RP000098755,2020-08-09,82.58,88.70,76.10,28.10
2778,RP000098755,2020-08-11,82.58,89.06,74.30,28.10
2779,RP000098755,2020-08-12,81.86,92.66,75.02,27.70
2781,RP000098755,2020-08-14,80.96,92.30,73.76,27.20
2782,RP000098755,2020-08-15,82.76,93.38,73.58,28.20
2783,RP000098755,2020-08-16,83.48,94.10,74.84,28.60
2786,RP000098755,2020-08-19,82.22,89.78,75.20,27.90
2788,RP000098755,2020-08-21,82.22,90.32,73.40,27.90
2790,RP000098755,2020-08-23,84.02,91.76,74.48,28.90
2791,RP000098755,2020-08-24,84.74,93.56,74.84,29.30
2795,RP000098755,2020-08-28,83.12,95.36,74.48,28.40
2796,RP000098755,2020-08-29,83.48,96.44,75.20,28.60
2797,RP000098755,2020-08-30,83.84,94.82,75.92,28.80
2799,RP000098755,2020-09-01,84.92,94.46,74.66,29.40
2801,RP000098755,2020-09-03,83.12,93.20,75.38,28.40
2802,RP000098755,2020-09-04,84.92,93.74,76.82,29.40
2804,RP000098755,2020-09-06,84.74,93.56,75.20,29.30
2806,RP000098755,2020-09-08,82.04,87.80,74.48,27.80
2808,RP000098755,2020-09-10,80.96,92.66,73.76,27.20
2809,RP000098755,2020-09-11,82.58,92.12,74.84,28.10
2810,RP000098755,2020-09-12,83.84,92.66,75.20,28.80
2811,RP000098755,2020-09-13,79.52,85.10,76.28,26.40
2812,RP000098755,2020-09-14,81.14,89.96,75.56,27.30
2813,RP000098755,2020-09-15,83.48,92.84,75.56,28.60
2814,RP000098755,2020-09-16,80.96,87.26,77.00,27.20
2817,RP000098755,2020-09-19,82.22,90.32,75.02,27.90
2818,RP000098755,2020-09-20,84.38,93.56,75.74,29.10
2819,RP000098755,2020-09-21,84.38,96.26,75.92,29.10
2821,RP000098755,2020-09-23,82.22,88.34,73.22,27.90
2823,RP000098755,2020-09-25,83.66,91.58,71.78,28.70
2825,RP000098755,2020-09-27,80.78,86.72,73.58,27.10
2826,RP000098755,2020-09-28,80.24,87.80,72.86,26.80
2827,RP000098755,2020-09-29,82.04,91.22,74.48,27.80
2828,RP000098755,2020-09-30,82.58,91.22,74.30,28.10
2830,RP000098755,2020-10-02,80.24,89.24,75.02,26.80
2832,RP000098755,2020-10-04,82.76,91.40,73.40,28.20
2833,RP000098755,2020-10-05,83.48,94.28,74.84,28.60
2834,RP000098755,2020-10-06,82.04,87.62,76.82,27.80
2837,RP000098755,2020-10-09,82.58,88.88,75.20,28.10
2838,RP000098755,2020-10-10,84.02,92.30,75.74,28.90
2840,RP000098755,2020-10-12,81.32,87.44,74.30,27.40
2842,RP000098755,2020-10-14,78.44,83.48,75.20,25.80
2844,RP000098755,2020-10-16,79.34,85.10,74.30,26.30
2845,RP000098755,2020-10-17,81.86,89.60,74.48,27.70
2847,RP000098755,2020-10-19,80.06,88.16,75.92,26.70
2849,RP000098755,2020-10-21,82.04,90.50,74.30,27.80
2851,RP000098755,2020-10-23,80.96,91.76,74.30,27.20
2852,RP000098755,2020-10-24,81.68,92.48,75.20,27.60
2853,RP000098755,2020-10-25,83.12,90.86,76.10,28.40
2854,RP000098755,2020-10-26,83.12,92.48,76.64,28.40
2857,RP000098755,2020-10-29,81.68,91.40,74.48,27.60
2858,RP000098755,2020-10-30,80.24,88.70,75.92,26.80
2859,RP000098755,2020-10-31,82.40,90.86,74.66,28.00
2860,RP000098755,2020-11-01,82.76,94.28,76.28,28.20
2862,RP000098755,2020-11-03,81.14,90.68,73.22,27.30
2864,RP000098755,2020-11-05,81.68,85.82,73.40,27.60
2865,RP000098755,2020-11-06,79.52,87.80,73.40,26.40
2867,RP000098755,2020-11-08,81.68,90.50,73.58,27.60
2869,RP000098755,2020-11-10,79.34,92.84,75.02,26.30
2870,RP000098755,2020-11-11,83.66,91.94,75.20,28.70
2872,RP000098755,2020-11-13,83.48,91.76,75.38,28.60
2873,RP000098755,2020-11-14,82.04,88.34,76.82,27.80
2875,RP000098755,2020-11-16,79.52,91.76,74.48,26.40
2876,RP000098755,2020-11-17,80.24,89.42,73.40,26.80
2877,RP000098755,2020-11-18,79.34,87.98,74.12,26.30
2878,RP000098755,2020-11-19,80.78,89.42,73.76,27.10
2879,RP000098755,2020-11-20,82.22,91.58,74.30,27.90
2880,RP000098755,2020-11-21,79.88,86.72,76.46,26.60
2881,RP000098755,2020-11-22,79.16,86.36,75.56,26.20
2882,RP000098755,2020-11-23,80.60,87.26,75.74,27.00
2883,RP000098755,2020-11-24,79.52,86.90,73.04,26.40
2885,RP000098755,2020-11-26,80.78,89.60,76.10,27.10
2886,RP000098755,2020-11-27,77.90,81.86,76.10,25.50
2887,RP000098755,2020-11-28,78.98,86.18,75.20,26.10
2888,RP000098755,2020-11-29,81.32,89.24,75.02,27.40
2889,RP000098755,2020-11-30,81.50,90.86,75.74,27.50
2890,RP000098755,2020-12-01,83.66,92.12,74.66,28.70
2892,RP000098755,2020-12-03,81.68,89.24,75.02,27.60
2894,RP000098755,2020-12-05,81.68,90.50,74.48,27.60
2896,RP000098755,2020-12-07,81.32,86.72,73.76,27.40
2898,RP000098755,2020-12-09,81.86,89.42,74.30,27.70
2899,RP000098755,2020-12-10,82.04,90.32,75.92,27.80
2900,RP000098755,2020-12-11,81.68,89.60,75.74,27.60
2901,RP000098755,2020-12-12,81.68,89.78,75.20,27.60
2902,RP000098755,2020-12-13,82.22,92.12,76.82,27.90
2904,RP000098755,2020-12-15,79.52,87.80,74.84,26.40
2905,RP000098755,2020-12-16,79.70,87.08,74.84,26.50
2906,RP000098755,2020-12-17,77.90,82.04,74.66,25.50
2908,RP000098755,2020-12-19,79.34,84.38,73.40,26.30
2909,RP000098755,2020-12-20,79.34,87.08,75.20,26.30
2911,RP000098755,2020-12-22,79.70,89.60,71.78,26.50
2912,RP000098755,2020-12-23,80.06,84.92,75.02,26.70
2913,RP000098755,2020-12-24,80.42,92.84,75.20,26.90
2914,RP000098755,2020-12-25,79.16,86.00,75.20,26.20
2915,RP000098755,2020-12-26,80.96,87.08,74.48,27.20
2916,RP000098755,2020-12-27,82.58,90.32,74.48,28.10
2918,RP000098755,2020-12-29,81.68,89.24,76.28,27.60
2919,RP000098755,2020-12-30,80.42,86.72,76.82,26.90
